<?xml version="1.0" encoding="utf-8"?>
<feed xmlns="http://www.w3.org/2005/Atom"
    xmlns:rdf="http://www.w3.org/1999/02/22-rdf-syntax-ns#"
    xmlns:leap2="http://terms.leapspecs.org/"
    xmlns:categories="http://wiki.leapspecs.org/2A/categories/"
    xmlns:portfolio="https://eportfolio.u-pec.fr/export/leap/2957/1632477915/"
    xmlns:mahara="http://wiki.mahara.org/Developer_Area/Import%2F%2FExport/LEAP_Extensions#"
>
    <leap2:version>http://www.leapspecs.org/2010-07/2A/</leap2:version>
    <id>https://eportfolio.u-pec.fr/export/2957/1632477915</id>
    <title>Mahara Leap2A Export for SINTHURAJ SITCHSAPASHAN, 24/09/2021 12:05</title>
    <updated>2021-09-24T12:12:15+02:00</updated>
    <generator uri="https://mahara.org/" version="2008122400">Mahara</generator>
    <author>
        <name>SINTHURAJ SITCHSAPASHAN</name>
        <email>sinthuraj.sitchsapashan@etu.u-pec.fr</email>
        <uri>portfolio:artefactinternal</uri>
    </author>

    <entry>
        <title>Profile page</title>
        <id>portfolio:view23878</id>

        <updated>2021-09-24T09:09:42+02:00</updated>
        <published>2021-09-24T09:09:42+02:00</published>
        <summary>Your profile page is what others see when they click on your name or profile picture.</summary>
        <content type="xhtml"><div xmlns="http://www.w3.org/1999/xhtml"><div><div id="user_row_1" class="clearfix">
    <div class="row-content">
    <div id="user_row_1_column_1" class="column-layout columns2 first col-width-50" style="width:48%;">
    <div class="column-content">
        <div class="bt-profileinfo panel panel-secondary clearfix" id="user_blockinstance_98933">
            <h3 class="title panel-heading js-heading">
            

            About me
            


            

        </h3>
    

    <div class="block" id="user_blockinstance_98933_target">
        <div class="panel-body flush">



    <ul class="unstyled profile-info"><li><strong>Nom préféré:</strong> Sinthuraj Sitchsapashan</li>
            
                                    <li><strong>Identifiant étudiant:</strong> u32105843</li>
            
                                    <li><strong>Nom:</strong> SITCHSAPASHAN</li>
            
                                    <li><strong>Prénom:</strong> SINTHURAJ</li>
            
        
    </ul></div>


        
    </div>
</div>
<div class="bt-myviews panel panel-secondary clearfix" id="user_blockinstance_98932">
            <h3 class="title panel-heading js-heading">
            

            My portfolios
            


            

        </h3>
    

    <div class="block" id="user_blockinstance_98932_target">
            <div class="list-group">
        <div id="user_myviewlist" class="list-group">
                <div class="list-group-item">
        <a href="https://eportfolio.u-pec.fr/view/view.php?id=23896" class="outer-link">
            <span class="sr-only">Découverte de Mahara</span>
        </a>

        <h4 class="title list-group-item-heading text-inline">
            <a href="https://eportfolio.u-pec.fr/view/view.php?id=23896">Découverte de Mahara</a>
        </h4>

        
        
                <div class="list-group-item-text text-small">
            Mes premiers pas sur Mahara
        </div>
        

        
    </div>


        </div>
            <div id="user_myviews_page_container" class="hidden"><div id="user_myviews_pagination" class="pagination-wrapper center"><div class="lead text-small results pull-right">1 résultat</div></div></div>
    
        </div>




        
    </div>
</div>
<div class="bt-mygroups panel panel-secondary clearfix" id="user_blockinstance_98931">
            <h3 class="title panel-heading js-heading">
            

            Mes groupes
            


            

        </h3>
    

    <div class="block" id="user_blockinstance_98931_target">
            <div class="panel-body">
        <p class="no-results-small">Affilié à aucun groupe</p>
    </div>



        
    </div>
</div>

    </div>
</div>
<div id="user_row_1_column_2" class="column-layout columns2 last col-width-50" style="width:48%;">
    <div class="column-content">
        <div class="bt-myfriends panel panel-secondary clearfix" id="user_blockinstance_98930">
            <h3 class="title panel-heading js-heading">
            

            Mes contacts
            


            

        </h3>
    

    <div class="block" id="user_blockinstance_98930_target">
        <div class="friends panel-body">
            <div class="lead text-small text-center">
            Essayez la <a href="https://eportfolio.u-pec.fr/user/find.php">recherche de contacts </a> pour étendre votre réseau !
        </div>
    

</div>


        
    </div>
</div>
<div class="bt-wall panel panel-secondary clearfix" id="user_blockinstance_98929">
            <h3 class="title panel-heading js-heading">
            

            Mur
            


            

        </h3>
    

    <div class="block" id="user_blockinstance_98929_target">
        <div id="user_wall-wrap" class="panel-form"><p class="metadata">Au maximum 1500 caractères par message.</p><div>Envoyer <span class="requiredmarker">*</span></div><div class="makeprivate checkbox form-group">Rendre votre message privé ? <div class="form-switch">    <div class="switch" style="width:61px;">            <span class="switch-inner"></span>            <span class="switch-indicator"></span>            <span class="state-label on">Yes</span>            <span class="state-label off">No</span>            </div></div></div><div class="form-group"></div></div><div id="user_wall" class="wall">
            <div class="lead text-small text-center">Aucun message à afficher sur le mur</div>
    
    
</div>
    <a href="https://eportfolio.u-pec.fr/blocktype/wall/wall.php?id=98929" class="detail-link link-blocktype"><span class="icon icon-arrow-circle-right"></span> Voir tout le mur</a>



        
    </div>
</div>

    </div>
</div>

    </div>
</div>
</div></div></content>
        <rdf:type rdf:resource="leap2:selection"/>

        <link rel="leap2:has_part" href="portfolio:artefact62960"/>
        <link rel="leap2:has_part" href="portfolio:artefact62959"/>
        <link rel="leap2:has_part" href="portfolio:artefact62958"/>
        <link rel="leap2:has_part" href="portfolio:artefact62957"/>


        <category term="Webpage" scheme="categories:selection_type#"/>





        <mahara:view mahara:layout="50,50" mahara:type="profile" mahara:ownerformat="6">
          <mahara:row>
            <mahara:column>
                <mahara:blockinstance mahara:blocktype="profileinfo" mahara:blocktitle="About me">
                    <mahara:fields>[[&quot;preferredname&quot;,&quot;studentid&quot;,&quot;lastname&quot;,&quot;firstname&quot;]]</mahara:fields>

                </mahara:blockinstance>
                <mahara:blockinstance mahara:blocktype="myviews" mahara:blocktitle="My pages">

                </mahara:blockinstance>
                <mahara:blockinstance mahara:blocktype="mygroups" mahara:blocktitle="My groups">

                </mahara:blockinstance>

            </mahara:column>
            <mahara:column>
                <mahara:blockinstance mahara:blocktype="myfriends" mahara:blocktitle="My friends">

                </mahara:blockinstance>
                <mahara:blockinstance mahara:blocktype="wall" mahara:blocktitle="Wall">

                </mahara:blockinstance>

            </mahara:column>

          </mahara:row>

        </mahara:view>
    </entry>

    <entry>
        <title>Dashboard page</title>
        <id>portfolio:view23879</id>

        <updated>2021-09-24T09:09:42+02:00</updated>
        <published>2021-09-24T09:09:42+02:00</published>

        <content type="xhtml"><div xmlns="http://www.w3.org/1999/xhtml"><div><div id="user_row_1" class="clearfix">
    <div class="row-content">
    <div id="user_row_1_column_1" class="column-layout columns2 first col-width-50" style="width:48%;">
    <div class="column-content">
        <div class="bt-newviews panel panel-secondary clearfix" id="user_blockinstance_98937">
            <h3 class="title panel-heading js-heading">
            

            Latest changes I can view
            


            

        </h3>
    

    <div class="block" id="user_blockinstance_98937_target">
        <div class="list-group">
        <div class="list-group-item">
        <h4 class="list-group-item-heading text-inline">
            <a href="https://eportfolio.u-pec.fr/view/view.php?id=23896">Découverte de Mahara</a>
        </h4>
        <span class="text-small text-midtone"></span>
                <div class="groupuserdate text-small">
                                            <a href="https://eportfolio.u-pec.fr/user/view.php?id=2957" class="text-link">
                    Sinthuraj Sitchsapashan
                </a>
            
        
            <span class="postedon text-midtone">
                -                     Mis à jour
                
                24 septembre 2021
            </span>
        </div>
                <p class="detail list-group-item-text text-small">
            Mes premiers pas sur Mahara
        </p>
        
    </div>
        <div class="list-group-item">
        <h4 class="list-group-item-heading text-inline">
            <a href="https://eportfolio.u-pec.fr/view/view.php?id=23862">Decouverte de Mahara </a>
        </h4>
        <span class="text-small text-midtone"></span>
                <div class="groupuserdate text-small">
                                            <a href="https://eportfolio.u-pec.fr/user/view.php?id=2944" class="text-link">
                    Fabio Monte
                </a>
            
        
            <span class="postedon text-midtone">
                -                     Mis à jour
                
                23 septembre 2021
            </span>
        </div>
                <p class="detail list-group-item-text text-small">
            Mes premiers pas sur Mahara
        </p>
        
    </div>
        <div class="list-group-item">
        <h4 class="list-group-item-heading text-inline">
            <a href="https://eportfolio.u-pec.fr/view/view.php?id=23861">Découverte de Mahara</a>
        </h4>
        <span class="text-small text-midtone"></span>
                <div class="groupuserdate text-small">
                                            <a href="https://eportfolio.u-pec.fr/user/view.php?id=2947" class="text-link">
                    Kishanthan Ratnalingam
                </a>
            
        
            <span class="postedon text-midtone">
                -                     Mis à jour
                
                23 septembre 2021
            </span>
        </div>
                <p class="detail list-group-item-text text-small">
            Mes premiers pas sur Mahara !
        </p>
        
    </div>
        <div class="list-group-item">
        <h4 class="list-group-item-heading text-inline">
            <a href="https://eportfolio.u-pec.fr/view/view.php?id=23860">Decouverte de portfolio</a>
        </h4>
        <span class="text-small text-midtone"></span>
                <div class="groupuserdate text-small">
                                            <a href="https://eportfolio.u-pec.fr/user/view.php?id=2941" class="text-link">
                    Jananthan
                </a>
            
        
            <span class="postedon text-midtone">
                -                     Mis à jour
                
                23 septembre 2021
            </span>
        </div>
                <p class="detail list-group-item-text text-small">
            decouverte
        </p>
        
    </div>
        <div class="list-group-item">
        <h4 class="list-group-item-heading text-inline">
            <a href="https://eportfolio.u-pec.fr/view/view.php?id=23292">Présentation</a>
        </h4>
        <span class="text-small text-midtone">(4 pages)</span>
                <div class="groupuserdate text-small">
                                            <a href="https://eportfolio.u-pec.fr/user/view.php?id=2737" class="text-link">
                    Nicolas Bugielski
                </a>
            
        
            <span class="postedon text-midtone">
                -                     Mis à jour
                
                22 septembre 2021
            </span>
        </div>
        
    </div>
    
</div>



        
    </div>
</div>
<div class="bt-myviews panel panel-secondary clearfix" id="user_blockinstance_98936">
            <h3 class="title panel-heading js-heading">
            

            My portfolios
            


            

        </h3>
    

    <div class="block" id="user_blockinstance_98936_target">
            <div class="list-group">
        <div id="user_myviewlist" class="list-group">
                <div class="list-group-item">
        <a href="https://eportfolio.u-pec.fr/view/view.php?id=23896" class="outer-link">
            <span class="sr-only">Découverte de Mahara</span>
        </a>

        <h4 class="title list-group-item-heading text-inline">
            <a href="https://eportfolio.u-pec.fr/view/view.php?id=23896">Découverte de Mahara</a>
        </h4>

        
        
                <div class="list-group-item-text text-small">
            Mes premiers pas sur Mahara
        </div>
        

        
    </div>


        </div>
            <div id="user_myviews_page_container" class="hidden"><div id="user_myviews_pagination" class="pagination-wrapper center"><div class="lead text-small results pull-right">1 résultat</div></div></div>
    
        </div>




        
    </div>
</div>

    </div>
</div>
<div id="user_row_1_column_2" class="column-layout columns2 last col-width-50" style="width:48%;">
    <div class="column-content">
        <div class="bt-inbox panel panel-secondary clearfix" id="user_blockinstance_98934">
            <h3 class="title panel-heading js-heading">
            

            Boîte de réception
            


            

        </h3>
    

    <div class="block" id="user_blockinstance_98934_target">
            <div id="user_inboxblock" class="inboxblock list-group">
                <div class="has-attachment panel-default collapsible list-group-item">
                            <a class="collapsed link-block" href="#message_content_maharamessage_46407">
                                            <span class="icon icon-wrench text-default left"></span>
                    
                    <span class="sr-only"></span>
                    Institution membership confirmation
                    <span class="icon icon-chevron-down collapse-indicator pull-right text-small"></span>
                </a>
            
            <div class="collapse" id="user_message_content_maharamessage_46407">
                                    <p class="content-text">You have been added as a member of UPEC.</p>
                    
                    
                
            </div>
        </div>
        
    </div>
    



        
                            <a href="https://eportfolio.u-pec.fr/module/multirecipientnotification/inbox.php" class="detail-link link-blocktype"><span class="icon icon-link"></span> Description alternative du lien</a>
            
        
    </div>
</div>
<div class="bt-inbox panel panel-secondary clearfix" id="user_blockinstance_98935">
            <h3 class="title panel-heading js-heading">
            

            Sujets que je suis
            


            

        </h3>
    

    <div class="block" id="user_blockinstance_98935_target">
            <div class="panel-body">
        <p class="lead text-small">Pas de messages</p>
    </div>



        
                            <a href="https://eportfolio.u-pec.fr/module/multirecipientnotification/inbox.php" class="detail-link link-blocktype"><span class="icon icon-link"></span> Description alternative du lien</a>
            
        
    </div>
</div>

    </div>
</div>

    </div>
</div>
</div></div></content>
        <rdf:type rdf:resource="leap2:selection"/>



        <category term="Webpage" scheme="categories:selection_type#"/>





        <mahara:view mahara:layout="50,50" mahara:type="dashboard" mahara:ownerformat="6">
          <mahara:row>
            <mahara:column>
                <mahara:blockinstance mahara:blocktype="newviews" mahara:blocktitle="">
                    <mahara:limit>[5]</mahara:limit>

                </mahara:blockinstance>
                <mahara:blockinstance mahara:blocktype="myviews" mahara:blocktitle="">

                </mahara:blockinstance>

            </mahara:column>
            <mahara:column>
                <mahara:blockinstance mahara:blocktype="inbox" mahara:blocktitle="">
                    <mahara:feedback>[true]</mahara:feedback>
                    <mahara:groupmessage>[true]</mahara:groupmessage>
                    <mahara:institutionmessage>[true]</mahara:institutionmessage>
                    <mahara:maharamessage>[true]</mahara:maharamessage>
                    <mahara:usermessage>[true]</mahara:usermessage>
                    <mahara:viewaccess>[true]</mahara:viewaccess>
                    <mahara:watchlist>[true]</mahara:watchlist>
                    <mahara:maxitems>[&quot;5&quot;]</mahara:maxitems>
                    <mahara:wallpost>[true]</mahara:wallpost>

                </mahara:blockinstance>
                <mahara:blockinstance mahara:blocktype="inbox" mahara:blocktitle="">
                    <mahara:newpost>[true]</mahara:newpost>
                    <mahara:maxitems>[&quot;5&quot;]</mahara:maxitems>

                </mahara:blockinstance>

            </mahara:column>

          </mahara:row>

        </mahara:view>
    </entry>

    <entry>
        <title>Découverte de Mahara</title>
        <id>portfolio:view23896</id>

        <updated>2021-09-24T09:09:18+02:00</updated>
        <published>2021-09-24T09:09:43+02:00</published>
        <summary type="xhtml"><div xmlns="http://www.w3.org/1999/xhtml"><div><p>Mes premiers pas sur Mahara</p></div></div></summary>
        <content type="xhtml"><div xmlns="http://www.w3.org/1999/xhtml"><div><div id="user_row_1" class="clearfix">
    <div class="row-content">
    <div id="user_row_1_column_1" class="column-layout columns3 first col-width-33" style="width:31%;">
    <div class="column-content">
        <div class="bt-image panel panel-secondary clearfix" id="user_blockinstance_99049">
            <h3 class="title panel-heading js-heading">
            

            Image
            


            

        </h3>
    

    <div class="block" id="user_blockinstance_99049_target">
        

        
    </div>
</div>
<div class="bt-text panel panel-secondary clearfix" id="user_blockinstance_99010">
            <h3 class="title panel-heading js-heading">
            

            Description de ma première page
            


            

        </h3>
    

    <div class="block" id="user_blockinstance_99010_target">
        

        
    </div>
</div>

    </div>
</div>
<div id="user_row_1_column_2" class="column-layout columns3 col-width-33" style="width:31%;">
    <div class="column-content">
        
    </div>
</div>
<div id="user_row_1_column_3" class="column-layout columns3 last col-width-33" style="width:31%;">
    <div class="column-content">
        
    </div>
</div>

    </div>
</div>
</div></div></content>
        <rdf:type rdf:resource="leap2:selection"/>



        <category term="Webpage" scheme="categories:selection_type#"/>





        <mahara:view mahara:layout="33,33,33" mahara:type="portfolio" mahara:ownerformat="6">
          <mahara:row>
            <mahara:column>
                <mahara:blockinstance mahara:blocktype="image" mahara:blocktitle="Image">
                    <mahara:artefactid></mahara:artefactid>
                    <mahara:showdescription>[false]</mahara:showdescription>
                    <mahara:width>[&quot;&quot;]</mahara:width>
                    <mahara:retractable>[0]</mahara:retractable>
                    <mahara:removeoncancel>[1]</mahara:removeoncancel>
                    <mahara:sure>[1]</mahara:sure>
                    <mahara:retractedonload>[0]</mahara:retractedonload>

                </mahara:blockinstance>
                <mahara:blockinstance mahara:blocktype="text" mahara:blocktitle="Description de ma première page">
                    <mahara:text>[&quot;&quot;]</mahara:text>

                </mahara:blockinstance>

            </mahara:column>
            <mahara:column>

            </mahara:column>
            <mahara:column>

            </mahara:column>

          </mahara:row>

        </mahara:view>
    </entry>

    <entry>
        <title>Journal de Sinthuraj Sitchsapashan</title>
        <id>portfolio:artefact62961</id>

        <updated>2021-09-24T09:09:42+02:00</updated>
        <published>2021-09-24T09:09:42+02:00</published>

        <content></content>
        <rdf:type rdf:resource="leap2:selection"/>
        <mahara:artefactplugin mahara:type="blog" mahara:plugin="blog"/>


        <category term="Blog" scheme="categories:selection_type#"/>



    </entry>


    <entry>
        <title>Centres d&#039;intérêt</title>
        <id>portfolio:artefact63284</id>

        <updated>2021-09-24T11:11:07+02:00</updated>
        <published>2021-09-24T10:10:15+02:00</published>

        <content type="xhtml"><div xmlns="http://www.w3.org/1999/xhtml"><div><div id="user_inside" class="results text_box"><span class="word menu-enabled">Je</span> <span class="word menu-enabled">suis</span> <span class="word menu-enabled">personnellement</span> <span class="correction sac">passionné</span> <span class="word menu-enabled">par</span> <span class="word menu-enabled">l'informatique</span>, <span class="word menu-enabled">plus</span> <span class="word menu-enabled">précisément</span> <span class="word menu-enabled">par</span> <span class="word menu-enabled">le</span> <span class="word menu-enabled">réseau</span> <span class="word menu-enabled">et</span> <span class="word menu-enabled">la</span> <span class="correction ac">cybersécurité</span>. <span class="word menu-enabled">J'aimerai</span> <span class="word menu-enabled">personnellement</span> <span class="word menu-enabled">devenir</span> <span class="word menu-enabled">administrateur</span> <span class="correction ac">système</span> <span class="word menu-enabled">et</span> <span class="correction ac">réseau</span>, <span class="word menu-enabled">mon</span> <span class="correction ac">métier</span> <span class="correction ac">consisterait</span> <span class="word menu-enabled">ainsi</span> <span class="correction ac">à</span> <span class="word menu-enabled">mettre</span> <span class="word menu-enabled">en</span> <span class="word menu-enabled">place</span> <span class="word menu-enabled">le</span> <span class="correction msac">réseau/système</span> <span class="word menu-enabled">informatique</span> <span class="word menu-enabled">d'une</span> <span class="word menu-enabled">entreprise</span> <span class="word menu-enabled">en</span> <span class="word menu-enabled">place</span>.</div>
<div class="results text_box"> </div>
<div class="results text_box">Je suis aussi un passionné de volleyball j'essaye constamment de progresser dans ce sport, j'ai d'ailleurs plusieurs entrainement par semaine (2-4).</div>
<div class="results text_box"> </div>
<div class="results text_box">Je joue aussi à différent jeux vidéo comme: CS:GO, Valorant et League of Legends.</div></div></div></content>
        <rdf:type rdf:resource="leap2:entry"/>
        <mahara:artefactplugin mahara:type="interest" mahara:plugin="resume"/>





    </entry>


    <entry>
        <title>Historique de formation</title>
        <id>portfolio:artefact63288</id>

        <updated>2021-09-24T10:10:45+02:00</updated>
        <published>2021-09-24T10:10:45+02:00</published>

        <content></content>
        <rdf:type rdf:resource="leap2:selection"/>
        <mahara:artefactplugin mahara:type="educationhistory" mahara:plugin="resume"/>
        <link rel="leap2:has_part" href="portfolio:resumecomposite-63288-child-575" leap2:display_order="1"/>


        <category term="Grouping" scheme="categories:selection_type#"/>



    </entry>


    <entry>
        <title>Baccalauréat générale avec les spécialités Math et NSI</title>
        <id>portfolio:resumecomposite-63288-child-575</id>

        <updated>2021-09-24T10:10:45+02:00</updated>


        <content></content>
        <rdf:type rdf:resource="leap2:activity"/>
        <mahara:artefactplugin mahara:type="pseudo:educationhistory" mahara:plugin="resume"/>
        <link rel="leap2:is_part_of" href="portfolio:artefact63288" leap2:display_order="1"/>
        <link rel="leap2:supported_by" href="portfolio:resumesibling-63288-sibling-575-rel-supports"/>
        <link rel="leap2:supports" href="portfolio:resumesibling-63288-sibling-575-rel-supported_by"/>


        <category term="Education" scheme="categories:life_area#"/>






        <leap2:date leap2:point="start" leap2:label="2020"></leap2:date>

        <leap2:date leap2:point="end" leap2:label="2021"></leap2:date>

    </entry>

    <entry>
        <title>Lycée Charles De Gaulle</title>
        <id>portfolio:resumesibling-63288-sibling-575-rel-supports</id>

        <updated>2021-09-24T10:10:45+02:00</updated>


        <content></content>
        <rdf:type rdf:resource="leap2:organization"/>
        <mahara:artefactplugin mahara:type="pseudo:educationhistory" mahara:plugin="resume"/>
        <link rel="leap2:supports" href="portfolio:resumecomposite-63288-child-575"/>










    </entry>

    <entry>
        <title>Baccalauréat</title>
        <id>portfolio:resumesibling-63288-sibling-575-rel-supported_by</id>

        <updated>2021-09-24T10:10:45+02:00</updated>


        <content>Baccalauréat générale avec les spécialités Math et NSI</content>
        <rdf:type rdf:resource="leap2:achievement"/>
        <mahara:artefactplugin mahara:type="pseudo:educationhistory" mahara:plugin="resume"/>
        <link rel="leap2:supported_by" href="portfolio:resumecomposite-63288-child-575"/>










    </entry>

    <entry>
        <title>Historique des emplois</title>
        <id>portfolio:artefact63335</id>

        <updated>2021-09-24T11:11:58+02:00</updated>
        <published>2021-09-24T11:11:58+02:00</published>

        <content></content>
        <rdf:type rdf:resource="leap2:selection"/>
        <mahara:artefactplugin mahara:type="employmenthistory" mahara:plugin="resume"/>
        <link rel="leap2:has_part" href="portfolio:resumecomposite-63335-child-432" leap2:display_order="1"/>


        <category term="Grouping" scheme="categories:selection_type#"/>



    </entry>


    <entry>
        <title>Technicien de surface</title>
        <id>portfolio:resumecomposite-63335-child-432</id>

        <updated>2021-09-24T11:11:58+02:00</updated>


        <content>Chargé du nettoyage des bureaux et locaux de l&#039;entreprise Fronius France</content>
        <rdf:type rdf:resource="leap2:activity"/>
        <mahara:artefactplugin mahara:type="pseudo:employmenthistory" mahara:plugin="resume"/>
        <link rel="leap2:is_part_of" href="portfolio:artefact63335" leap2:display_order="1"/>
        <link rel="leap2:supported_by" href="portfolio:resumesibling-63335-sibling-432-rel-supports"/>


        <category term="Work" scheme="categories:life_area#"/>






        <leap2:date leap2:point="start" leap2:label="26/07/2021"></leap2:date>

        <leap2:date leap2:point="end" leap2:label="03/09/2021"></leap2:date>

    </entry>

    <entry>
        <title>Onet</title>
        <id>portfolio:resumesibling-63335-sibling-432-rel-supports</id>

        <updated>2021-09-24T11:11:58+02:00</updated>


        <content></content>
        <rdf:type rdf:resource="leap2:organization"/>
        <mahara:artefactplugin mahara:type="pseudo:employmenthistory" mahara:plugin="resume"/>
        <link rel="leap2:supports" href="portfolio:resumecomposite-63335-child-432"/>










    </entry>

    <entry>
        <title>Objectifs personnels</title>
        <id>portfolio:artefact63336</id>

        <updated>2021-09-24T11:11:33+02:00</updated>
        <published>2021-09-24T11:11:13+02:00</published>

        <content type="xhtml"><div xmlns="http://www.w3.org/1999/xhtml"><div><p>Mes objectifs personnels sont:</p>
<p>- Finir mes études et trouver un travail.</p>
<p>- Prendre soin de ma famille et avoir assez de temps pour le faire.</p>
<p>- Pouvoir vivre une vie simple et aisé.</p>
<p> </p></div></div></content>
        <rdf:type rdf:resource="leap2:entry"/>
        <mahara:artefactplugin mahara:type="personalgoal" mahara:plugin="resume"/>





    </entry>


    <entry>
        <title>Objectifs de carrière</title>
        <id>portfolio:artefact63338</id>

        <updated>2021-09-24T11:11:28+02:00</updated>
        <published>2021-09-24T11:11:32+02:00</published>

        <content type="xhtml"><div xmlns="http://www.w3.org/1999/xhtml"><div><p>Mon objectif de carrière serait de devenir Administrateur Réseau et Système dans une grande entreprise et d'ainsi m'occuper de tout le parc informatique de l'entreprise.</p></div></div></content>
        <rdf:type rdf:resource="leap2:entry"/>
        <mahara:artefactplugin mahara:type="careergoal" mahara:plugin="resume"/>





    </entry>


    <entry>
        <title>Objectifs académiques</title>
        <id>portfolio:artefact63344</id>

        <updated>2021-09-24T11:11:24+02:00</updated>
        <published>2021-09-24T11:11:35+02:00</published>

        <content type="xhtml"><div xmlns="http://www.w3.org/1999/xhtml"><div><p>Mon objectif académique est de terminer mon BUT en réseau et télécommunication, puis d’intégrer une école d’ingénieur pour devenir Administrateur Réseau et Système.</p></div></div></content>
        <rdf:type rdf:resource="leap2:entry"/>
        <mahara:artefactplugin mahara:type="academicgoal" mahara:plugin="resume"/>





    </entry>


    <entry>
        <title>Lettre de motivation</title>
        <id>portfolio:artefact63587</id>

        <updated>2021-09-24T11:11:11+02:00</updated>
        <published>2021-09-24T11:11:11+02:00</published>

        <content type="xhtml"><div xmlns="http://www.w3.org/1999/xhtml"><div><p>Madame, Monsieur,</p>
<p>Actuellement en première année de mon BUT Réseau et Télécommunication, passionnés depuis jeune par l'informatique je souhaite enrichir mes connaissances dans le domaine de l'informatique. <span class="word menu-enabled">C'est</span> <span class="word menu-enabled">pourquoi</span> <span class="word menu-enabled">je</span> <span class="word menu-enabled">me</span> <span class="word menu-enabled">redirige</span> <span class="word menu-enabled">vers</span> <span class="word menu-enabled">votre</span> <span class="word menu-enabled">entreprise</span> <span class="correction ac">...</span><br /><span class="word menu-enabled">J'</span><span class="correction ac">espère</span> <span class="word menu-enabled">pouvoir</span> <span class="correction ac">intégrer</span> <span class="correction ac">vos équipes</span> <span class="word menu-enabled">et</span> <span class="word menu-enabled">ainsi</span> <span class="correction ac">agrandir</span> <span class="correction ac">mes compétences</span> <span class="word menu-enabled">et</span> <span class="word menu-enabled">connaissances</span></p>
<p> </p>
<p> </p>
<p> </p>
<p>Je vous prie d'agréer, Madame, Monsieur, l'expression de mes salutations distinguées.</p>
<p>SITCHSAPASHAN Sinthuraj</p></div></div></content>
        <rdf:type rdf:resource="leap2:entry"/>
        <mahara:artefactplugin mahara:type="coverletter" mahara:plugin="resume"/>





    </entry>


    <entry>
        <title>Compétences académiques</title>
        <id>portfolio:artefact63600</id>

        <updated>2021-09-24T11:11:02+02:00</updated>
        <published>2021-09-24T11:11:41+02:00</published>

        <content type="xhtml"><div xmlns="http://www.w3.org/1999/xhtml"><div><p>CSS, HTML, création et utilisation d'une Machine Virtuelle (VirtualBox) sous Linux et Windows.</p></div></div></content>
        <rdf:type rdf:resource="leap2:ability"/>
        <mahara:artefactplugin mahara:type="academicskill" mahara:plugin="resume"/>





    </entry>


    <entry>
        <title>Compétences personnelles</title>
        <id>portfolio:artefact63604</id>

        <updated>2021-09-24T11:11:48+02:00</updated>
        <published>2021-09-24T11:11:46+02:00</published>

        <content type="xhtml"><div xmlns="http://www.w3.org/1999/xhtml"><div><p>Langage de programmation comme le Python, le Arduino et le Java.</p>
<p>Mise en rayon de produits</p></div></div></content>
        <rdf:type rdf:resource="leap2:ability"/>
        <mahara:artefactplugin mahara:type="personalskill" mahara:plugin="resume"/>





    </entry>


    <entry>
        <title>Sinthuraj Sitchsapashan</title>
        <id>portfolio:artefactinternal</id>

        <updated>2021-09-24T12:12:51+02:00</updated>


        <content type="html">&lt;p&gt;Actuellement en première année initiale du BUT réseau et télécommunication à l'IUT de Vitry sur Seine, je souhaite enrichir le plus possible mes compétences et connaissance dans le domaine de l'informatique.&lt;/p&gt;</content>
        <rdf:type rdf:resource="leap2:person"/>
        <mahara:artefactplugin mahara:type="internal" mahara:plugin="internal"/>


        <category term="Self" scheme="categories:person_type#"/>





        <leap2:persondata
            mahara:artefactplugin="internal"
            mahara:artefacttype="email"
            leap2:field="email"

            leap2:label="Adresse de courriel"

        >sinthuraj.sitchsapashan@etu.u-pec.fr</leap2:persondata>
        <leap2:persondata
            mahara:artefactplugin="internal"
            mahara:artefacttype="firstname"
            leap2:field="legal_given_name"

            leap2:label="Prénom"

        >SINTHURAJ</leap2:persondata>
        <leap2:persondata
            mahara:artefactplugin="internal"
            mahara:artefacttype="lastname"
            leap2:field="legal_family_name"

            leap2:label="Nom"

        >SITCHSAPASHAN</leap2:persondata>
        <leap2:persondata
            mahara:artefactplugin="internal"
            mahara:artefacttype="preferredname"
            leap2:field="preferred_given_name"

            leap2:label="Nom préféré"

        >Sinthuraj Sitchsapashan</leap2:persondata>
        <leap2:persondata
            mahara:artefactplugin="internal"
            mahara:artefacttype="studentid"
            leap2:field="other"

            leap2:label="Identifiant étudiant"

        >u32105843</leap2:persondata>
        <leap2:persondata
            mahara:artefactplugin="resume"
            mahara:artefacttype="personalinformation/dateofbirth"
            leap2:field="dob"

            leap2:label="Date de naissance"

        >2003-07-18T00:12:00+02:00</leap2:persondata>
        <leap2:persondata
            mahara:artefactplugin="resume"
            mahara:artefacttype="personalinformation/placeofbirth"
            leap2:field="other" mahara:field="placeofbirth"

            leap2:label="Lieu de naissance"

        >Le-Blanc-Mesnil</leap2:persondata>
        <leap2:persondata
            mahara:artefactplugin="resume"
            mahara:artefacttype="personalinformation/citizenship"
            leap2:field="other" mahara:field="citizenship"

            leap2:label="Citoyenneté"

        >Française</leap2:persondata>
        <leap2:persondata
            mahara:artefactplugin="resume"
            mahara:artefacttype="personalinformation/gender"
            leap2:field="gender"

            leap2:label="Sexe"

        >1</leap2:persondata>

        <leap2:spatial>
            <leap2:country mahara:artefacttype="country" leap2:countrycode="fra">France</leap2:country>

        </leap2:spatial>

    </entry>

</feed>
